<?xml version="1.0" encoding="UTF-8"?>
<!DOCTYPE mapper
  PUBLIC "-//mybatis.org//DTD Mapper 3.0//EN"
  "https://mybatis.org/dtd/mybatis-3-mapper.dtd">
<mapper namespace="dao.BoardDAO">

	<select id="selectBoard" resultType="kr.ac.kopo.vo.BoardVO">
		select no, title, writer, content, regdate, viewcnt 
		  from boards
		 order by no desc
	</select>

	<insert id="insertBoard" parameterType="kr.ac.kopo.vo.BoardVO">
    INSERT INTO boards (title, writer, content, regdate, viewcnt) 
     VALUES (#{title,jdbcType=VARCHAR}, #{writer,jdbcType=VARCHAR}, #{content,jdbcType=VARCHAR}, #{regDate,jdbcType=TIMESTAMP}, #{viewCnt,jdbcType=INTEGER})
    </insert>
    
    <select id="selectBoardByNo" parameterType="int" resultType="kr.ac.kopo.vo.BoardVO">
        SELECT no, title, writer, content, regdate, viewcnt 
        FROM boards 
        WHERE no = #{no}
    </select>
    
    <delete id="deleteBoard" parameterType="int">
   	 DELETE FROM boards WHERE no = #{boardId}
	</delete>
    
</mapper>
